Algoritmo,Heurstica (se usado),Solucao,Custo do caminho,estados explorados,estados expandidos,maior tamanho da fronteira,tempo
depth_first_graph_search,nao usado,N/A,67.0,12424.0,2633.0,79.0,3.2253979047139487
breadth_first_graph_search,nao usado,"[None, 'N', 'E', 'E', 'S', 'SE', 'W', 'W', 'S']",37,34465,7125,6513,104.43078231811523
uniform_cost_search,nao usado,"[None, 'NE', 'E', 'E', 'S', 'S', 'W', 'W', 'S']",37,125797,25669,9420,1989.232983827591
best_first_graph_search,h2,"[None, 'NE', 'E', 'E', 'S', 'S', 'S', 'W', 'NW', 'S']",39,9334,2380,2284,20.908106327056885
astar_search,h2,"[None, 'NE', 'E', 'E', 'S', 'S', 'W', 'W', 'S']",37,121446,24986,9485,2010.384507894516
