Algoritmo,Heurstica (se usado),Solucao,Custo do caminho,estados explorados,estados expandidos,maior tamanho da fronteira,tempo
depth_first_graph_search,nao usado,N/A,74.0,25764.0,4977.0,102.0,7.3932474454243975
breadth_first_graph_search,nao usado,"[None, 'S', 'E', 'N', 'N', 'E', 'E', 'E', 'S', 'SW', 'SE']",40,78007,14684,9947,336.84644055366516
uniform_cost_search,nao usado,"[None, 'NE', 'E', 'E', 'E', 'S', 'S', 'W', 'W', 'W', 'S']",39,287105,53709,16163,7734.966369628906
best_first_graph_search,h2,"[None, 'NE', 'E', 'E', 'E', 'S', 'S', 'S', 'W', 'W', 'NW', 'S']",41,72612,16456,9478,1025.6161181926727
astar_search,h2,"[None, 'NE', 'E', 'E', 'E', 'S', 'S', 'W', 'W', 'W', 'S']",39,274090,51699,16789,7975.1539742946625
