Algoritmo,Heurstica (se usado),Solucao,Custo do caminho,estados explorados,estados expandidos,maior tamanho da fronteira,tempo
depth_first_graph_search,nao usado,N/A,67.0,12424.0,2633.0,79.0,2.8331047693888345
breadth_first_graph_search,nao usado,"[None, 'N', 'E', 'E', 'S', 'SE', 'W', 'W', 'S']",37,34465,7125,6513,96.55686283111572
uniform_cost_search,nao usado,"[None, 'NE', 'E', 'E', 'S', 'S', 'W', 'W', 'S']",37,125797,25669,9420,1853.4620034694672
best_first_graph_search,h1,"[None, 'N', 'E', 'E', 'S', 'S', 'SE', 'W', 'NW', 'S']",39,27045,6339,4382,115.87422204017639
astar_search,h1,"[None, 'NE', 'E', 'E', 'S', 'S', 'W', 'W', 'S']",37,116868,23942,9460,1745.3669350147247
