Algoritmo,Heurstica (se usado),Solucao,Custo do caminho,estados explorados,estados expandidos,maior tamanho da fronteira,tempo
depth_first_graph_search,nao usado,N/A,160.0,4488.0,896.0,135.0,1.9843749205271404
breadth_first_graph_search,nao usado,"[None, 'SW', 'W']",21,80,16,59,0.030916690826416016
uniform_cost_search,nao usado,"[None, 'SW', 'SW', 'SE', 'SE']",20,110,21,84,0.04687356948852539
best_first_graph_search,h1,"[None, 'S', 'S', 'S', 'S', 'S', 'SW', 'S']",60,136,43,64,0.054854631423950195
astar_search,h1,"[None, 'SW', 'SW', 'S', 'S', 'S', 'SE']",20,59,13,47,0.022968530654907227
