Algoritmo,Solucao,Custo do caminho,estados explorados,estados expandidos,maior tamanho da fronteira,tempo
depth_first_graph_search,"[None, 'ir de A para B', 'ir de B para E', 'ir de E para F', 'ir de F para G', 'ir de G para I', 'ir de I para M']",18,16,7,3,0.0
breadth_first_graph_search,"[None, 'ir de A para D', 'ir de D para E', 'ir de E para F', 'ir de F para G', 'ir de G para I', 'ir de I para M']",15,29,13,3,0.0
uniform_cost_search,"[None, 'ir de A para D', 'ir de D para H', 'ir de H para J', 'ir de J para K', 'ir de K para L', 'ir de L para M']",14,29,13,3,0.0009984970092773438
best_first_graph_search,"[None, 'ir de A para D', 'ir de D para H', 'ir de H para J', 'ir de J para K', 'ir de K para L', 'ir de L para M']",14,14,7,3,0.0
astar_search,"[None, 'ir de A para D', 'ir de D para H', 'ir de H para J', 'ir de J para K', 'ir de K para L', 'ir de L para M']",14,27,12,3,0.0
