Algoritmo,Solucao,Custo do caminho,estados explorados,estados expandidos,maior tamanho da fronteira,tempo
depth_first_graph_search,"[None, 'ir de 0 para 2', 'ir de 2 para 6', 'ir de 6 para 14', 'ir de 14 para 30', 'ir de 30 para 32', 'ir de 32 para 48', 'ir de 48 para 56', 'ir de 56 para 60', 'ir de 60 para 62', 'ir de 62 para 63']",126.5,30,11,20,0.0
breadth_first_graph_search,"[None, 'ir de 0 para 1', 'ir de 1 para 3', 'ir de 3 para 7', 'ir de 7 para 15', 'ir de 15 para 31', 'ir de 31 para 33', 'ir de 33 para 49', 'ir de 49 para 57', 'ir de 57 para 61', 'ir de 61 para 63']",125.5,107,62,17,0.0009984970092773438
uniform_cost_search,"[None, 'ir de 0 para 1', 'ir de 1 para 4', 'ir de 4 para 10', 'ir de 10 para 17', 'ir de 17 para 31', 'ir de 31 para 35', 'ir de 35 para 50', 'ir de 50 para 57', 'ir de 57 para 61', 'ir de 61 para 63']",123.7,107,62,17,0.0019948482513427734
best_first_graph_search,"[None, 'ir de 0 para 1', 'ir de 1 para 4', 'ir de 4 para 10', 'ir de 10 para 22', 'ir de 22 para 31', 'ir de 31 para 40', 'ir de 40 para 52', 'ir de 52 para 58', 'ir de 58 para 61', 'ir de 61 para 63']",127.5,106,61,20,0.001995563507080078
astar_search,"[None, 'ir de 0 para 1', 'ir de 1 para 3', 'ir de 3 para 8', 'ir de 8 para 18', 'ir de 18 para 31', 'ir de 31 para 36', 'ir de 36 para 50', 'ir de 50 para 57', 'ir de 57 para 61', 'ir de 61 para 63']",123.7,107,62,17,0.00299072265625
