Algoritmo,Heurstica (se usado),Solucao,Custo do caminho,estados explorados,estados expandidos,maior tamanho da fronteira,tempo
depth_first_graph_search,nao usado,N/A,74.0,25764.0,4977.0,102.0,6.668173154195149
breadth_first_graph_search,nao usado,"[None, 'S', 'E', 'N', 'N', 'E', 'E', 'E', 'S', 'SW', 'SE']",40,78007,14684,9947,331.90136671066284
uniform_cost_search,nao usado,"[None, 'NE', 'E', 'E', 'E', 'S', 'S', 'W', 'W', 'W', 'S']",39,287105,53709,16163,9098.083329677582
best_first_graph_search,h1,"[None, 'N', 'E', 'E', 'E', 'S', 'S', 'SE', 'W', 'W', 'NW', 'S']",41,78956,16203,9141,832.6878881454468
astar_search,h1,"[None, 'NE', 'E', 'E', 'E', 'S', 'S', 'W', 'W', 'W', 'S']",39,268221,50355,16563,7405.922966480255
