Algoritmo,Solucao,Custo do caminho,estados explorados,estados expandidos,maior tamanho da fronteira,tempo
depth_first_graph_search,"[None, 'ir de Oradea para Zerind', 'ir de Zerind para Arad', 'ir de Arad para Timisoara', 'ir de Timisoara para Lugoj', 'ir de Lugoj para Mehadia', 'ir de Mehadia para Dobreta', 'ir de Dobreta para Craiova', 'ir de Craiova para Pitesti', 'ir de Pitesti para Bucharest']",879,25,11,3,0.0
breadth_first_graph_search,"[None, 'ir de Oradea para Sibiu', 'ir de Sibiu para Fagaras', 'ir de Fagaras para Bucharest']",461,19,8,4,0.0
uniform_cost_search,"[None, 'ir de Oradea para Sibiu', 'ir de Sibiu para RimnicuVilcea', 'ir de RimnicuVilcea para Pitesti', 'ir de Pitesti para Bucharest']",429,27,11,4,0.0
best_first_graph_search,"[None, 'ir de Oradea para Sibiu', 'ir de Sibiu para Fagaras', 'ir de Fagaras para Bucharest']",461,9,4,4,0.0009965896606445312
astar_search,"[None, 'ir de Oradea para Sibiu', 'ir de Sibiu para RimnicuVilcea', 'ir de RimnicuVilcea para Pitesti', 'ir de Pitesti para Bucharest']",429,22,9,4,0.0
