Algoritmo,Heurstica (se usado),Solucao,Custo do caminho,estados explorados,estados expandidos,maior tamanho da fronteira,tempo
depth_first_graph_search,nao usado,N/A,385.0,3509.0,558.0,547.0,2.5312532583872476
breadth_first_graph_search,nao usado,"[None, 'S', 'S', 'SE', 'NE', 'NE', 'NE', 'NE', 'NE']",25,20080,3055,3930,45.3856360912323
uniform_cost_search,nao usado,"[None, 'SE', 'SE', 'SW', 'NE', 'NE', 'NE', 'NE', 'NE', 'SW', 'S', 'S', 'SE', 'SE']",15,90733,14044,13096,1742.2712757587433
best_first_graph_search,h1,"[None, 'S', 'S', 'SE', 'SE', 'SW', 'E', 'E', 'E', 'E', 'E', 'E']",46,2572,500,344,2.655085563659668
astar_search,h1,"[None, 'SE', 'SE', 'SW', 'NE', 'NE', 'NE', 'NE', 'NE', 'SW', 'S', 'S', 'SE', 'SE']",15,100829,15994,15167,2407.597674369812
