Algoritmo,Heurstica (se usado),Solucao,Custo do caminho,estados explorados,estados expandidos,maior tamanho da fronteira,tempo
depth_first_graph_search,nao usado,N/A,385.0,3509.0,558.0,547.0,2.8477307160695395
breadth_first_graph_search,nao usado,"[None, 'S', 'S', 'SE', 'NE', 'NE', 'NE', 'NE', 'NE']",25,20080,3055,3930,48.14329409599304
uniform_cost_search,nao usado,"[None, 'SE', 'SE', 'SW', 'NE', 'NE', 'NE', 'NE', 'NE', 'SW', 'S', 'S', 'SE', 'SE']",15,90733,14044,13096,1870.7258954048157
best_first_graph_search,h2,"[None, 'N', 'NE', 'E', 'E', 'E', 'E', 'E', 'E']",72,20358,3648,5801,167.61888766288757
astar_search,h2,"[None, 'SE', 'SE', 'SW', 'NE', 'NE', 'NE', 'NE', 'NE', 'SW', 'S', 'SE', 'SE', 'S']",15,83811,13107,13636,1897.549092054367
