Algoritmo,Heurstica (se usado),Solucao,Custo do caminho,estados explorados,estados expandidos,maior tamanho da fronteira,tempo
depth_first_graph_search,nao usado,N/A,160.0,4488.0,896.0,135.0,1.948467493057251
breadth_first_graph_search,nao usado,"[None, 'SW', 'W']",21,80,16,59,0.03188347816467285
uniform_cost_search,nao usado,"[None, 'SW', 'SW', 'SE', 'SE']",20,110,21,84,0.045877695083618164
best_first_graph_search,h2,"[None, 'SW', 'E', 'NW']",34,197,40,101,0.09374833106994629
astar_search,h2,"[None, 'SW', 'SW', 'SE', 'SE']",20,101,21,75,0.04188728332519531
